title,slug,source_url,role,client,associated,team,location,date,body_text,tags,hyperlinks,inline_images,markdown_file
Camata,camata,https://www.johnsyzonenko.com/project---camata,Creative Technologist,Pierre Huyghe Studio,"Pixels Pixels, Cadmos","Anne-So Tisseyre, Valentin Giillet, Pablo Verdugo, Pedro Roca, Paola Ravagni, and Pamela Valenzuela","Marian Goodman Gallery NYC, Global",2023 - 2025,"Project Description

Camata is ""a self-directed film operated by a learning machine, a manifestation of an inhuman entity enacted upon by a set of robotic operators, performing a final rite of passage on a human skeleton found unburied in the Atacama Desert."" - Marian Goodman Gallery

""Camata’s live footage is the result of autonomous cameras decisions and is edited in real time. Sensors in the exhibition space capture a live human presence, disrupting its linearity."" - MGG

My role in this project was to develop the back-end system responsible for real-time editing. I also worked on custom programming for on-site sensors that respond to human presence, enabling interaction between audience and system.

Special thanks to the PH Studio team for the camaraderie and guidance, Cadmos for the AV installation, Ivaylo Getov for support, and Tommy Martinez for connecting me to this project!

Touchdesigner

ir sensors

Real-time

INTERACTIVE

Project Highlights

Photograph: Marian Goodman Gallery / NY Times (2025)

Photograph: Installation of Camata (2024) at the Punta della Dogana in Venice (Ivar Hagendoorn)

Ceiling mounted sensor housed within golden sphere",Touchdesigner; ir sensors; Real-time; INTERACTIVE,Pierre Huyghe Studio -> https://studiodave.io/?fbclid=PAZXh0bgNhZW0CMTEAAab2G4R1rP99TqxkW0G8T1Wo41vljCtK3Vi49NRfup-g1nAw0hrsy0hirD4_aem_k_uIVdlifhBIDtdisNxBpg | (no anchor text) -> https://www.vacationland.club/cam-vokey-resume,,_migration/projects/camata.md
CRYPTO SIRENAS,goethe-institut,https://www.johnsyzonenko.com/project---goethe-institut,,,,,,,"Projection Installation for The Goethe-Institut NY

Union Square, NYC

February, 2025

Project Description

'The Goethe-Institut New York is pleased to present the first New York institutional exhibition featuring a temporary collective with Berlin-based artists Anna Ehrenstein and Sunny Pfalzer, and San Salvador-based artists Lucy Tomasino and Alexa Evangelista, in collaboration with Web-3 researcher, Josh Davila.'

In December 2024, I began working with curator Zach Feldman to design a projector configuration for a retractable curved projection screen. Using floorplans of the space, and screen design from architect Chloe Munkenbeck, I designed a configuration that favored brightness, pixel density, and cost.

In February 2025, I led a team to install four ceiling-mounted projectors, and completed the projection mapping onto the 8.5m curved projection surface.

In addition to this, I programmed a custom back-of-house GUI in TouchDesigner to control content playback and system events. The content is being fed through MadMapper via NDI, and split to each projector with SDI-HDMI micro convertors.

Thank you to Zach Feldman for curating and producing the show, as well as Seth Scoville + Charlie Gangemi for projector installation assistance. Special thanks to Max Levin for connecting the dots, and Cam Vokey for pre-production support.

Touchdesigner

MadMapper

Vectorworks

Immersive Designer Pro

Projection Mapping

Technical Direction

Immersive

Installation

Project Highlights

Back-of-house GUI for playback control - made in TouchDesigner

Projection designs made with Vectorworks + Immersive Designer Pro

Projection mapping timelapse

Final installation",Touchdesigner; MadMapper; Vectorworks; Immersive Designer Pro; Projection Mapping; Technical Direction; Immersive; Installation,The Goethe-Institut New York -> https://www.goethe.de/ins/us/en/sta/ney/ver.cfm?event_id=26362812 | Zach Feldman -> https://www.zach-feldman.com/about/bio.html | Chloe Munkenbeck -> https://chloemunkenbeck.cargo.site/ | Seth Scoville -> https://www.johnsyzonenko.com/#https://www.instagram.com/aquaengineer.media/ | Charlie Gangemi -> https://www.instagram.com/zavoli.headless/?__d=1%3Futm_source%3Dig_embed | Max Levin -> https://maxlevin.me/ | Cam Vokey -> https://vacationland.club/cam-vokey | [embed:source] -> https://cdn.prod.website-files.com/65393df462f65c6a459ba2af%2F67b7bcb4a018a8c538673579_GOETHE-FINAL-wide-pan_1-transcode.mp4 | [embed:source] -> https://cdn.prod.website-files.com/65393df462f65c6a459ba2af%2F67b7bcb4a018a8c538673579_GOETHE-FINAL-wide-pan_1-transcode.webm | [embed:source] -> https://cdn.prod.website-files.com/65393df462f65c6a459ba2af%2F67b76e1535a42be5eabf8f02_GOETHE-mapping-TL-loop-1-transcode.mp4 | [embed:source] -> https://cdn.prod.website-files.com/65393df462f65c6a459ba2af%2F67b76e1535a42be5eabf8f02_GOETHE-mapping-TL-loop-1-transcode.webm | [embed:source] -> https://cdn.prod.website-files.com/65393df462f65c6a459ba2af%2F67b7bc88acc8631e3bb34bca_GOETHE-FINAL-wide-static_1-transcode.mp4 | [embed:source] -> https://cdn.prod.website-files.com/65393df462f65c6a459ba2af%2F67b7bc88acc8631e3bb34bca_GOETHE-FINAL-wide-static_1-transcode.webm,,_migration/projects/goethe-institut.md
DIESEL SOUND OF THE BRAVE,diesel,https://www.johnsyzonenko.com/project-diesel,,,,,,,"Creative Technologist, V2 for Chemistry Creative

Brooklyn, NYC

September, 2022

Project Description

The Diesel Sound of the Brave launch party was an event at Elsewhere in Brooklyn, intended for influencers and celebrities to celebrate the joy of fragrance. The Sound of the Brave!

I was involved in pre-production, pre-visualization, content creation, and installation for the event- part of the incredible team at Chemistry Creative, with stage design by Pete Sax, and V1 operations by Greg Zifcak

The main event was a stage design that included 2x LED walls and 8x large displays on either side of the stage. Throughout the night, DJs and performers would take the stage with a variety of Diesel fragrance content playing in the background.

There were also a number of smaller activations around the room, including a LED wall phot booth with a variety of backgrounds to choose from.

Touchdesigner

After Effects

LED STAGE

PRESSURE SENSOR

Previsualization

LIVE PERFORMANCE

Immersive

INSTALLATION

Project Highlights

Previsuzlization for photobooth- made with TouchDesigner

Previsuzlization for main stage- made with TouchDesigner

Photo Credit: Jason Crowley / BFA / TXG / Chemistry Creative",Touchdesigner; After Effects; LED STAGE; PRESSURE SENSOR; Previsualization; LIVE PERFORMANCE; Immersive; INSTALLATION,"Chemistry Creative, -> https://www.chemcreative.com/ | Greg Zifcak -> https://www.gzifcak.net/ | [embed:source] -> https://cdn.prod.website-files.com/65393df462f65c6a459ba2af/655d275caf545515de156ed1_DIESEL-BOOTH-previs-01-1-transcode.mp4 | [embed:source] -> https://cdn.prod.website-files.com/65393df462f65c6a459ba2af/655d275caf545515de156ed1_DIESEL-BOOTH-previs-01-1-transcode.webm | [embed:source] -> https://cdn.prod.website-files.com/65393df462f65c6a459ba2af/655d268a5880d16cfe594544_DIESEL-STAGE-previs-INGREDIENTS-1-transcode.mp4 | [embed:source] -> https://cdn.prod.website-files.com/65393df462f65c6a459ba2af/655d268a5880d16cfe594544_DIESEL-STAGE-previs-INGREDIENTS-1-transcode.webm",,_migration/projects/diesel.md
Elementa,elementa,https://www.johnsyzonenko.com/project---elementa,TouchDesigner,Moustrappe Media,Studio Dave Tennent,"Dave Tennent, Luke Hildreth",Downtown LA,Summer 2024,"@ The Gallery

Project Description

""The Gallery, Downtown’s immersive new fine-dining spot, takes you on a visual and culinary journey through the elements."" - TimeOut

Our team was asked to create a TouchDesigner system for an immersive dining experience. Using TouchDesigner and real-time hand and object tracking, we developed multiple interactive states for the various elements of the show.

Driven by the incredible creative and technical team at Mousetrappe Media, all of the creative direction and content was provided- we just had to make it work!

Using Dave's YOLO tracking module in TouchDesigner, Luke and I developed the interactive GLSL visuals for Aether, Air, Earth, Water, and Fire. Since our whole team was working remotely, we built each module in a way that could be easily integrated into the overall show control system.

Special thanks to the Mousetrappe team on the ground in LA who made this project happen! (Photograph: Michael Juliano for Time Out)

Touchdesigner

Remote

Immersive

INTERACTIVE

Project Highlights

Photograph: Wally Skalij / Los Angeles Times

Photograph: Stage and Cinema

The ""Earth"" table interaction - Photograph: Stage and Cinema

Photograph: Stage and Cinema

The ""Air"" table interaction - Photograph: Michael Juliano for Time Out

The ""Fire"" table interaction - Photograph: Michael Juliano for Time Out

The “Aether” dessert - Photograph: Eater / The Gallery

The “Aether” table interaction - Photograph: LA Times",Touchdesigner; Remote; Immersive; INTERACTIVE,Moustrappe Media -> https://studiodave.io/?fbclid=PAZXh0bgNhZW0CMTEAAab2G4R1rP99TqxkW0G8T1Wo41vljCtK3Vi49NRfup-g1nAw0hrsy0hirD4_aem_k_uIVdlifhBIDtdisNxBpg | (no anchor text) -> https://www.vacationland.club/cam-vokey-resume,,_migration/projects/elementa.md
Fantastic Flora,fantastic-flora,https://www.johnsyzonenko.com/project---fantastic-flora,Creative Technologist,"Shaker Mountain, Lowres",,"Shreya Patel, Design + Fabrication","Lebanon Springs, NY",September 2024,"Project Description

This project was an immersive installation made for the very last edition of Shaker Mountain- a 'smart house and techno in a family-and-friends setting on 250 acres of tree-topped mountain land' [Resident Advisor]

I was involved in technical direction, integration, and installation of this project, working directly with designer + lead fabricator Shreya Patel.

This project began with a question ""what would you want to see at a music festival?"" Shreya imagined something that people could sit underneath and enjoy a moment of peace within a hectic festival atmosphere.

We began thinking of a large suspended flower, similar to a conch shell, where holding your ear up to it would allow you to hear the ocean- instead you would hear the calls and chirps of tropical birds from a rainforest far away.

Special thanks to Andrew Giugno / Lowres, and Nikki Cohen for throwing such a legendary party in the woods!

LIGHTING

AUDIO

WLED

Arduino

Immersive

INSTALLATION

Project Highlights",LIGHTING; AUDIO; WLED; Arduino; Immersive; INSTALLATION,Shaker Mountain -> https://ra.co/promoters/80563 | Shreya Patel. -> https://www.behance.net/shreyapatel119 | Andrew Giugno -> https://www.linkedin.com/in/andrewgiugno | Lowres -> https://lowres.co/ | Nikki Cohen -> https://www.nikki-cohen.com/about | (no anchor text) -> https://www.nikki-cohen.com/about | [embed:source] -> https://cdn.prod.website-files.com/65393df462f65c6a459ba2af%2F677814436d7d6f5a6faad8a3_FANTASTIC-FLORA-select-3-couple-day-transcode.mp4 | [embed:source] -> https://cdn.prod.website-files.com/65393df462f65c6a459ba2af%2F677814436d7d6f5a6faad8a3_FANTASTIC-FLORA-select-3-couple-day-transcode.webm | [embed:source] -> https://cdn.prod.website-files.com/65393df462f65c6a459ba2af%2F6778139623363b57438b23ab_FANTASTIC-FLORA-select-1-couple-night-transcode.mp4 | [embed:source] -> https://cdn.prod.website-files.com/65393df462f65c6a459ba2af%2F6778139623363b57438b23ab_FANTASTIC-FLORA-select-1-couple-night-transcode.webm | [embed:source] -> https://cdn.prod.website-files.com/65393df462f65c6a459ba2af%2F67781dc752b0e0c1898cb72d_FANTASTIC-FLORA-select-2-touch-transcode.mp4 | [embed:source] -> https://cdn.prod.website-files.com/65393df462f65c6a459ba2af%2F67781dc752b0e0c1898cb72d_FANTASTIC-FLORA-select-2-touch-transcode.webm | [embed:source] -> https://cdn.prod.website-files.com/65393df462f65c6a459ba2af%2F6778148e2fee2790e5d7fe95_FANTASTIC-FLORA-select-4-IG-day-transcode.mp4 | [embed:source] -> https://cdn.prod.website-files.com/65393df462f65c6a459ba2af%2F6778148e2fee2790e5d7fe95_FANTASTIC-FLORA-select-4-IG-day-transcode.webm,,_migration/projects/fantastic-flora.md
HomeWorkAboutContact,shaker-mountain,https://www.johnsyzonenko.com/project-shaker-mountain,,,,,,,"RIDE

STAY

EAT

EXPLORE

PROJECTS

No items found.

Creative Technology

EDUCATIONAL

LIVE PERFORMANCE

COMMERCIAL

PERSONAL

ABOUT

CONTACT

SOCIALS

Get Started

PAGE 1

PAGE 2

PAGE 3

PAGE 4

Do More

PAGE 5

PAGE 6

PAGE 7

PAGE 8

Extra Info

PAGE 7

PAGE 8

PAGE 9

PAGE 10

Button ONE

Button TWO

BUTTON THREE

SHAKER MOUNTAIN

Project Description

Laser Projections + Content for Low-Res

Adirondacks, NY

May 2023

Shaker Mountain is a music festival in the Adirondacks of upstate New York that takes place every summer- created by Andrew Giugno a.k.a. Lowres

In 2023, I was invited to control the laser that would shine over the main camping area of the festival. I developed a variety of short looping animations that would play throughout the weekend. Using a combination of After Effects and MadMapper, the process was satisfying and fun.

Capturing a laser on camera never really does it justice, so you will just have imagine it looked even cooler than this!

Madmapper

After Effects

Lasers

Immersive

Project Highlights

Credit / annieforrest.world",Home; RIDE; STAY; EAT; EXPLORE; Creative Technology; EDUCATIONAL; LIVE PERFORMANCE; COMMERCIAL; ABOUT; CONTACT; SOCIALS; PAGE 1; PAGE 2; PAGE 3; PAGE 4; PAGE 5; PAGE 6; PAGE 7; PAGE 8; PAGE 9; PAGE 10; Button ONE; Button TWO; BUTTON THREE; Madmapper; After Effects; Lasers; Immersive,Work -> https://www.johnsyzonenko.com/projects-archive | Lowres -> https://lowres.co/ | annieforrest.world -> https://www.annieforrest.world/ | [embed:source] -> https://cdn.prod.website-files.com/65393df462f65c6a459ba2af/6567ad3ce8b7d5ab03b23e5a_IMG_8599-1-transcode.mp4 | [embed:source] -> https://cdn.prod.website-files.com/65393df462f65c6a459ba2af/6567ad3ce8b7d5ab03b23e5a_IMG_8599-1-transcode.webm | [embed:source] -> https://cdn.prod.website-files.com/65393df462f65c6a459ba2af/6567adb669444bb51e2545e1_IMG_8597-1-transcode.mp4 | [embed:source] -> https://cdn.prod.website-files.com/65393df462f65c6a459ba2af/6567adb669444bb51e2545e1_IMG_8597-1-transcode.webm | [embed:source] -> https://cdn.prod.website-files.com/65393df462f65c6a459ba2af/6567ace1662534ed16f9a701_IMG_8653-1-transcode.mp4 | [embed:source] -> https://cdn.prod.website-files.com/65393df462f65c6a459ba2af/6567ace1662534ed16f9a701_IMG_8653-1-transcode.webm | [embed:source] -> https://cdn.prod.website-files.com/65393df462f65c6a459ba2af/6567ad5b227e194c482f3545_IMG_8648-1-transcode.mp4 | [embed:source] -> https://cdn.prod.website-files.com/65393df462f65c6a459ba2af/6567ad5b227e194c482f3545_IMG_8648-1-transcode.webm,https://cdn.prod.website-files.com/65393df462f65c6a459ba2af/6553b64651c8601c266978b9_Arrow%20Right.svg,_migration/projects/shaker-mountain.md
Incarceration Nations: A Global Docuseries,incarceration-nations,https://www.johnsyzonenko.com/project-incarceration-nations,,,,,,,"Animator, Video Editor, VFX for Chemistry Creative

Global

2020 - 2022

Project Description

Incarceration Nations: A Global Docuseries is a mixed-media series about global mass incarceration- narrated entirely by those who have lived incarceration around the world, from England to El Salvador, Argentina to the USA, Brazil and Lebanon to South Africa and Sierra Leone.

The ten episodes of Incarceration Nations expose an international crisis while also focusing on solutions, showcasing the work of INN justice partners from one continent to another.

Ideal for classrooms, panel discussions, policymaker film screenings and more, Incarceration Nations is a powerful education about one of the greatest human—and civil—rights catastrophes of our time.

I was heavily involved in this project, working with Director Dr. Baz Dreisinger to create an educational series from the hours of interview footage an B-roll she has gathered over years of travels to prisons around the world.

This project would not have been possible without coordination by Sydney MacDonald, select illustrations by Matthew Wilson, assembly and editing by Nicolas Motyka- as well as the dozens of individuals who have shared their stories.

In 2021, the series was selected by the Tribeca Film festival, and has since been seen by thousands of people around the world in prisons, classrooms, museums, and community centers.

There is also an education guide available that includes graphics and information from the series.

Premeire Pro

After Effects

TouchDesigner

Ableton

Virtual Reality

Educational

Visual Effects

Concept Art

Sound Design

Project Highlights

'Virtual Reality'

Early on in the project, I developed an animation workflow using Virtual Reality painting using AnimVR.

This allowed us to explore abstract ideas through juxtaposition and dream-like sequences.

In combination with Interview and B-roll footage, I used these virtual reality animations to bridge the gaps of footage we had, while providing a unique visual identity to the entire series.

'Sound Design'

While Sound Design is not my primary focus as a creative, this project gave me an opportunity to explore the possibilities that sound provides.

In order to ground audience members in the unique geographic location of any given interview, I sampled public field recordings and ambient music from each country's region.

Sound mixing was ultimately completed by audio wizard and producer, Danny Taylor- which created a dream-like sense of time and place for each interview.

Traversable Dale · INN-EDUCATION-SOUNDSCAPE-JOHN

Traversable Dale · INN-EDUCATION-SOUNDSCAPE-IVAN

Traversable Dale · INN-EDUCATION-SOUNDSCAPE-ALMAR

Traversable Dale · INN-SOUNDSCAPE-SANTOS

Traversable Dale · INN-SOUNDSCAPE-AHMAD

'Visual Effects'

Similar to sound design, we knew that it would be important to create a sense of place for audience members as the series moves from country to country.

Using a combination of B-roll captured at the time of the interviews, aerial and satellite images, and found footage from the streets of any given city, I created a number of visual sequences in TouchDesigner to compliment the animation sequences.

Each sequence has a dissociative quality, with places blending between one another, as well as a depth map which resembles the view of our world through computer vision.

These sequences allude to the dissociative reality of returning to society after being locked away, as well as the dehumanization of individuals and society through the eyes of the system.

'Infographics'

Throughout the series there are a number of infographics and informational cards to inform the audience on some key facts about mass incarceration.

For these sequences I used a combination of After Effects, TouchDesigner, Procreate, and Photoshop.

Hand illustrations were created by Matthew Wilson and are used throughout the series.

'The Wave'

The heart of the installation is a series of interactive ""time portals,"" each representing a different historical era. These portals are equipped with motion sensors, touchscreens, and augmented reality interfaces, allowing visitors to step into different time periods and explore them in an engaging and informative way.

The Portholes

Our team has meticulously choreographed the installation process to ensure that every element seamlessly fits into the overarching narrative. We've worked closely with artists, historians, and technologists to guarantee that every aspect, from lighting and sound to digital displays and physical artifacts, complements one another perfectly.

Communal Action Wall

Our team has meticulously choreographed the installation process to ensure that every element seamlessly fits into the overarching narrative. We've worked closely with artists, historians, and technologists to guarantee that every aspect, from lighting and sound to digital displays and physical artifacts, complements one another perfectly.",Premeire Pro; After Effects; TouchDesigner; Ableton; Virtual Reality; Educational; Visual Effects; Concept Art; Sound Design,[embed:source] -> https://cdn.prod.website-files.com/65393df462f65c6a459ba2af/6569f34f65c9bfab8ac86fbb_00-INTRO-outro-comp-transcode.mp4 | [embed:source] -> https://cdn.prod.website-files.com/65393df462f65c6a459ba2af/6569f34f65c9bfab8ac86fbb_00-INTRO-outro-comp-transcode.webm | [embed:source] -> https://cdn.prod.website-files.com/65393df462f65c6a459ba2af/6569124e938f0c44daf146ad_ANIM-vast world-1b-transcode.mp4 | [embed:source] -> https://cdn.prod.website-files.com/65393df462f65c6a459ba2af/6569124e938f0c44daf146ad_ANIM-vast world-1b-transcode.webm | [embed:source] -> https://cdn.prod.website-files.com/65393df462f65c6a459ba2af/6569f3912dbb680bd9d57605_00-INTRO-punishment-1-transcode.mp4 | [embed:source] -> https://cdn.prod.website-files.com/65393df462f65c6a459ba2af/6569f3912dbb680bd9d57605_00-INTRO-punishment-1-transcode.webm | [embed:source] -> https://cdn.prod.website-files.com/65393df462f65c6a459ba2af/656a005a9c52e3d1dae649f5_08-WOD-R5b-vr-1-transcode.mp4 | [embed:source] -> https://cdn.prod.website-files.com/65393df462f65c6a459ba2af/656a005a9c52e3d1dae649f5_08-WOD-R5b-vr-1-transcode.webm | [embed:source] -> https://cdn.prod.website-files.com/65393df462f65c6a459ba2af/6569f6454f895a415daa1618_Subjects-all-fades_1-transcode.mp4 | [embed:source] -> https://cdn.prod.website-files.com/65393df462f65c6a459ba2af/6569f6454f895a415daa1618_Subjects-all-fades_1-transcode.webm | [embed:iframe] -> https://w.soundcloud.com/player/?url=https%3A//api.soundcloud.com/tracks/1679360385&color=%23ff5500&auto_play=false&hide_related=false&show_comments=true&show_user=true&show_reposts=false&show_teaser=true&visual=true | Traversable Dale -> https://soundcloud.com/headless_dale | INN-EDUCATION-SOUNDSCAPE-JOHN -> https://soundcloud.com/headless_dale/inn-education-soundscape-john | [embed:iframe] -> https://w.soundcloud.com/player/?url=https%3A//api.soundcloud.com/tracks/1679360406&color=%23ff5500&auto_play=false&hide_related=false&show_comments=true&show_user=true&show_reposts=false&show_teaser=true&visual=true | INN-EDUCATION-SOUNDSCAPE-IVAN -> https://soundcloud.com/headless_dale/inn-education-soundscape-ivan | [embed:iframe] -> https://w.soundcloud.com/player/?url=https%3A//api.soundcloud.com/tracks/1679360409&color=%23ff5500&auto_play=false&hide_related=false&show_comments=true&show_user=true&show_reposts=false&show_teaser=true&visual=true | INN-EDUCATION-SOUNDSCAPE-ALMAR -> https://soundcloud.com/headless_dale/inn-education-soundscape-almar | [embed:iframe] -> https://w.soundcloud.com/player/?url=https%3A//api.soundcloud.com/tracks/1679367060&color=%23ff5500&auto_play=false&hide_related=false&show_comments=true&show_user=true&show_reposts=false&show_teaser=true&visual=true | INN-SOUNDSCAPE-SANTOS -> https://soundcloud.com/headless_dale/inn-soundscape-santos | [embed:iframe] -> https://w.soundcloud.com/player/?url=https%3A//api.soundcloud.com/tracks/1679368083&color=%23ff5500&auto_play=false&hide_related=false&show_comments=true&show_user=true&show_reposts=false&show_teaser=true&visual=true | INN-SOUNDSCAPE-AHMAD -> https://soundcloud.com/headless_dale/inn-soundscape-ahmad | [embed:source] -> https://cdn.prod.website-files.com/65393df462f65c6a459ba2af/6569ff09240ebce0a8c9824f_02_EDUCATION_R7_Ivan-1-transcode.mp4 | [embed:source] -> https://cdn.prod.website-files.com/65393df462f65c6a459ba2af/6569ff09240ebce0a8c9824f_02_EDUCATION_R7_Ivan-1-transcode.webm | [embed:source] -> https://cdn.prod.website-files.com/65393df462f65c6a459ba2af/656a001b876c9dde22b0bfaf_02_EDUCATION_R7_craig-seq-transcode.mp4 | [embed:source] -> https://cdn.prod.website-files.com/65393df462f65c6a459ba2af/656a001b876c9dde22b0bfaf_02_EDUCATION_R7_craig-seq-transcode.webm | [embed:source] -> https://cdn.prod.website-files.com/65393df462f65c6a459ba2af/656a003d0b6499af726c1631_06-HNH-R9-Santos-Map-transcode.mp4 | [embed:source] -> https://cdn.prod.website-files.com/65393df462f65c6a459ba2af/656a003d0b6499af726c1631_06-HNH-R9-Santos-Map-transcode.webm | [embed:source] -> https://cdn.prod.website-files.com/65393df462f65c6a459ba2af/656a049f9f872fdcb8a38ec6_06-HNH-R9-family-1-transcode.mp4 | [embed:source] -> https://cdn.prod.website-files.com/65393df462f65c6a459ba2af/656a049f9f872fdcb8a38ec6_06-HNH-R9-family-1-transcode.webm | [embed:source] -> https://cdn.prod.website-files.com/65393df462f65c6a459ba2af/656a0492e24032f4846c029d_03_WOMEN_R5-blender-1-transcode.mp4 | [embed:source] -> https://cdn.prod.website-files.com/65393df462f65c6a459ba2af/656a0492e24032f4846c029d_03_WOMEN_R5-blender-1-transcode.webm | [embed:source] -> https://cdn.prod.website-files.com/65393df462f65c6a459ba2af/656a048c756ee0b0e58b131a_03_WOMEN_R5-blender-2-transcode.mp4 | [embed:source] -> https://cdn.prod.website-files.com/65393df462f65c6a459ba2af/656a048c756ee0b0e58b131a_03_WOMEN_R5-blender-2-transcode.webm | [embed:source] -> https://cdn.prod.website-files.com/65393df462f65c6a459ba2af/656a04f59667d9a55927c8a2_03_WOMEN_R5-infographic-1-transcode.mp4 | [embed:source] -> https://cdn.prod.website-files.com/65393df462f65c6a459ba2af/656a04f59667d9a55927c8a2_03_WOMEN_R5-infographic-1-transcode.webm | [embed:source] -> https://cdn.prod.website-files.com/65393df462f65c6a459ba2af/656a04fa4ef8d80317dfa1c2_06-TCTTP-R4-infographic-1-transcode.mp4 | [embed:source] -> https://cdn.prod.website-files.com/65393df462f65c6a459ba2af/656a04fa4ef8d80317dfa1c2_06-TCTTP-R4-infographic-1-transcode.webm | [embed:source] -> https://cdn.prod.website-files.com/65393df462f65c6a459ba2af/656a12e3d785d3f4a56553a4_IN-Waiting-For-Trail-infographics-5-transcode.mp4 | [embed:source] -> https://cdn.prod.website-files.com/65393df462f65c6a459ba2af/656a12e3d785d3f4a56553a4_IN-Waiting-For-Trail-infographics-5-transcode.webm | [embed:source] -> https://cdn.prod.website-files.com/65393df462f65c6a459ba2af/656a05072e79ee994efd0149_IN-Waiting-For-Trail-infographics-1-transcode.mp4 | [embed:source] -> https://cdn.prod.website-files.com/65393df462f65c6a459ba2af/656a05072e79ee994efd0149_IN-Waiting-For-Trail-infographics-1-transcode.webm | [embed:source] -> https://cdn.prod.website-files.com/65393df462f65c6a459ba2af/656a050ec795ef18b8a809e8_IN-Waiting-For-Trail-infographics-2-transcode.mp4 | [embed:source] -> https://cdn.prod.website-files.com/65393df462f65c6a459ba2af/656a050ec795ef18b8a809e8_IN-Waiting-For-Trail-infographics-2-transcode.webm | [embed:source] -> https://cdn.prod.website-files.com/65393df462f65c6a459ba2af/656a051679c379a228f02026_IN-Waiting-For-Trail-infographics-3-transcode.mp4 | [embed:source] -> https://cdn.prod.website-files.com/65393df462f65c6a459ba2af/656a051679c379a228f02026_IN-Waiting-For-Trail-infographics-3-transcode.webm,https://cdn.prod.website-files.com/65393df462f65c6a459ba2af/654e77687b37d60de8b44221_Blue_Paradox-2.jpeg | https://cdn.prod.website-files.com/65393df462f65c6a459ba2af/654e7767acafea3ad26d22a8_BPMSI_RM1_00_floor.jpg | https://cdn.prod.website-files.com/65393df462f65c6a459ba2af/654e7c9e7b1a00f16f91c7b3_BP-porthole-1_upscayl_4x_realesrgan-x4plus.jpg | https://cdn.prod.website-files.com/65393df462f65c6a459ba2af/654e77671a26a2df2f484efe_BPMSI_RM5B_114_wide.jpg | https://cdn.prod.website-files.com/65393df462f65c6a459ba2af/653ad63a8cba679bcb79defd_BP-MSI-BBP-106-jpg.jpg | https://cdn.prod.website-files.com/65393df462f65c6a459ba2af/654e81028ffdc57a5974c76f_BP-MSI-BBP-112-half.jpg,_migration/projects/incarceration-nations.md
INTER_,inter-nyc,https://www.johnsyzonenko.com/project-inter-nyc,,,,,,,"Creative Technologist for Chemistry Creative

Soho / Chinatown, NYC

2021 - 2023

Project Description

INTER_ is a 2-story interactive and immersive space located within the Historic National City Bank of New York, from creator Pete Sax, with the incredible team at Chemistry Creative.

My role as lead Creative Technologist included pre-production, development, and installation of the interactive tech and video components throughout the space.

I was also involved in creative development, and provided concept art and pre-visualization for key installations throughout the pre-production process.

The space contains dozens of projectors and 4k displays with hundreds of feet of video and data cabling, as well as a handful of large LED walls with unique pixel map configurations. Servers were configured by-hand during pre-production and installed on-site with a fiber network throughout the building.

As visitors move through the space,, there are a number of interactive moments that utilize live-camera feedback- unbeknownst to visitors at the time, these interactions are temporarily recorded and used to create generative art on display in the final room.

Integration with scenic, lighting, audio, production crew, and in-house staff was crucial throughout this project. Cheers to everyone involved!

Dave Tandem (Interconnected),Jonathan Masterson,Georgios Cherouvim,Beau Burrows,Brian Snigur,Seth Scoville,Nicholas Motyka,(Intersensory),Charlie Gangemi,Tommy Martinez(Internal / Interplanetary), Taliesin Gilkes-Bower (Cymatic Well),Andrew Giugno,Julian Baeza Hochmuth(Lighting), Danny Taylor,MPC,Oliver Chapoy,Henrik von Sivers,Danush Dopierala (Audio), Lovejoy Paradise,Kasey Burgess,May Ghadanfar,Pablo Gnecco,Anthony Montalbano(Production + Direction), Mal Mal,Hozi,Patrick A. Moore, Marta Kaminska,Robert Scoville,Mark Musters,Hillary Ureña,Hannah K. Hollis, Simon Fernandez, Jin Pak, Anthony Azcona, many more scenic artists and fabrication specialists.

TouchDesigner

After Effects

Blender

unreal engine

Arduino

lidar

Python

Immersive

Interactive

concept art

Github

SCreenConnect

Project Highlights

https://jonathanmasterson.com/

Jonathan Masterson

https://ch3.gr/work/vfx/

Georgios Cherouvim

https://www.matthewpattersoncurry.com/

MPC

https://www.bryansnigur.com/

Brian Snigur

https://lowres.co/

Andrew Giugno

https://www.mayghadanfar.com/

May Ghadanfar

https://yopablo.studio/

Pablo Gnecco

https://www.linkedin.com/in/kasey-burgess/

Kasey Burgess

https://www.linkedin.com/in/anthony-montalbano-35a979162/

Anthony Montalbano

https://www.instagram.com/jules.b.h/?hl=en

Julian Baeza Hochmuth

https://www.instagram.com/picturesbyrobots/?hl=en

Dave Tandem

https://www.futurewife.tv/

Beau Burrows

Taliesin Gilkes-Bower

Tommy Martinez

Oliver Chapoy

Danny Taylor

https://www.instagram.com/malcolmnyc/?hl=en

Marta Kaminska

https://www.instagram.com/hhoozzii/?hl=en

Hozi

Marta Kaminska

https://m.imdb.com/name/nm14411966/

MARTA KAMINSKA

Marta Kaminska

https://marta-kaminska.squarespace.com/

http://www.hannahkhollis.com/

Hannah K. Hollis

Patrick A. Moore

Once guests are checked in for their experience, they are invited to wait in the orientation room.

This room acts as a holding chamber for timed groups, as well as an introductory film which guides visitors through a range of emotions and abstract thoughts.

There are 2x hidden NDI cameras in this room which capture preliminary interactions from guests.

Introductory film playing on a large LED wall at the start of the experience

LED mesh screen opposite main wall

After the conclusion of the introductory film, visitors head up a mirrored escalator.

On either side of the up-escalator, there is a built-in structure of angled mirrors and LED tubes. There are 3x ultrawide displays and an NDI camera hidden behind 2-way mirror panels. There is an additional NDI camera mounted on the ceiling at the far end of the 2nd floor, angled down the escalator.

The displays shine through the 2-way mirrors and appear within the mirror tunnel, while the camera feed is recorded and fed back into the system.

3x hidden displays and 2x NDI cameras were embedded into the structure

Video showing guests moving up the escalator past screens and hidden cameras

360 Projection pre-visualization for creative development- made with TouchDesigner

Once upstairs, guests enter a large ovular room with 360 degree audio and projections and LiDAR tracking.

I used TouchDesigner to create pre-visualization tools for creative development, as well as a unique visual sequence that was used as a part of the show.

Interactive 'Idle' state development- made with TouchDesigner

Custom visual sequence during a live show- made in TouchDesigner with Nicolas Motyka

Upon exiting the projection space, visitors move through a psychedelic garden full of lights and color. There are 6x Arduino units and ultrasonic sensors which control lights and sounds.

Wi-fi Arduino module and diagram of arch interaction

The 'Cymatic Well' (originally conceptualized by Taliesin Gilkes-Bower) is a large steel pan filled with water that can be controlled through saudio fequencies. I worked with a small team to prototype controllers and . After some iteration, we ended with 3 crystal balls that use a laser sensor- similar to the track ball of a computer mouse- and allow guests to control sound and play the pan like a large instrument.

There is a large transducer attached to the bottom of the well, which is controlled by an Ableton Live session. The vibration from this transducer creates a number of distinct resonant patterns in the water, which are visible on the surface. Due to the nature of cymatics and the shape of the vessel, only specific frequencies would create patterns on the water. Throughout development, I worked with Tommy Martinez to find the frequencies that would produce a pattern. Sound supervision was coordinated by Oliver Chapoy and MPC, with speaker installation by Danny Taylor.

There are also a number of unique visual interactions that are triggered based on specific user participation and are displayed on the large LED wall behind the well.

Guests can turn the crystal balls to control the lights and sounds-

Distinct patterns emerge in the water with certain frequencies.

Live demo with three users - 'ohm' state activated

Multi-color LED demo and visuals from pre-production

Once visitors are finished on the 2nd floor, they descend another escalator into a dark, rocky cavern.

After turning the corner and reaching the end of a long corridor, guests are invited to explore the walls of the chamber and look for motion activated control points. These control points work like a large organ, and play various ground-shaking tones when activated.

In the center of the room there is a volcano structure. Here, guests are invited to 'release' something into the fire. Inside the structure there is a hidden Leap motion controller, which allows users to affect the audio around the room, while their hand appears in the LED wall in front of them.

Atop the LED wall there is an Azure sensor which reveals a glowing magma character when activated.

Central chamber - showing LED mesh (center) and 'The Crucible' (right)

Process photos for leap motion placement- Crucible structure completed by Marta Kaminska

Interactive walkthrough- immersive rock corridor opens to main chamber with hidden hand sensors

Demo of Leap motion hand sensor and Crucible interaction

'Interconnected'

The final gallery replays the interactions of each user's experience, covered in all-white tiles and containing 10x large 4k displays. Each display is linked to a camera feed from a specific interaction, and sources recordings from the past 2 hours.

On either side of the room there is a large horizontal display containing all of the interactions that are playing in the room at that time. When a user steps in front of the frame, the image morphs into a live-camera feed, creating an infinite tunnel.

Overview of interaction recordings sourced throughout any given day

Live camera feedback - activated by motion on the 2x large, mirrored displays on either end of the gallery

Interactions recorded throughout the day are cycled through the generative system.

'The Wave'

The heart of the installation is a series of interactive ""time portals,"" each representing a different historical era. These portals are equipped with motion sensors, touchscreens, and augmented reality interfaces, allowing visitors to step into different time periods and explore them in an engaging and informative way.

The Portholes

Our team has meticulously choreographed the installation process to ensure that every element seamlessly fits into the overarching narrative. We've worked closely with artists, historians, and technologists to guarantee that every aspect, from lighting and sound to digital displays and physical artifacts, complements one another perfectly.

Communal Action Wall

Our team has meticulously choreographed the installation process to ensure that every element seamlessly fits into the overarching narrative. We've worked closely with artists, historians, and technologists to guarantee that every aspect, from lighting and sound to digital displays and physical artifacts, complements one another perfectly.

Lobby + Misc

Upon entering and exiting the building, visitors can walk around a rectangular lobby area.

On the back wall there is a large TV mosaic with a unique arrangement of TVs. We worked to provide a cost-effective solution and provide preliminary content.

Guests can turn the crystal balls to control the lights and sounds.

Distinct patterns emerge in the water when activated with various pre-determined frequencies.

Sound waves can be visualized as they ripple through the water.",TouchDesigner; After Effects; Blender; unreal engine; Arduino; lidar; Python; Immersive; Interactive; concept art; Github; SCreenConnect,"Pete Sax -> https://www.linkedin.com/in/peter-sax-b425416b | Chemistry Creative. -> https://www.chemcreative.com/ | Dave Tandem -> https://www.instagram.com/picturesbyrobots/?hl=en | Jonathan Masterson, -> https://jonathanmasterson.com/ | Georgios Cherouvim, -> https://ch3.gr/work/vfx/ | Beau Burrows, -> https://www.futurewife.tv/ | Brian Snigur, -> https://www.bryansnigur.com/ | Seth Scoville, -> https://www.instagram.com/arkhamengineer/?hl=en | Nicholas Motyka, -> https://www.instagram.com/akytom/?hl=en | Charlie Gangemi, -> https://www.instagram.com/zavoli.headless/ | Tommy Martinez -> https://thomasjohnmartinez.com/ | Taliesin Gilkes-Bower -> https://www.realmsmanifest.com/ | Andrew Giugno, -> https://lowres.co/ | Julian Baeza Hochmuth -> https://www.instagram.com/jules.b.h/?hl=en | Danny Taylor, -> https://www.houseundermagic.com/who | MPC, -> https://www.matthewpattersoncurry.com/ | Oliver Chapoy, -> https://www.discogs.com/artist/592920-Oliver-Chapoy | Henrik von Sivers, -> https://www.linkedin.com/in/henrik-von-sivers-5b72579/ | Danush Dopierala -> https://www.linkedin.com/in/danush-dopierala-278a2892/ | Lovejoy Paradise, -> https://www.golovejoy.com/ | Kasey Burgess, -> https://www.linkedin.com/in/kasey-burgess/ | May Ghadanfar, -> https://www.mayghadanfar.com/ | Pablo Gnecco, -> https://yopablo.studio/ | Anthony Montalbano -> https://www.linkedin.com/in/anthony-montalbano-35a979162/ | Mal Mal, -> https://www.instagram.com/malcolmnyc/ | Hozi, -> https://www.instagram.com/hhoozzii/?hl=en | Patrick A. Moore -> https://www.imdb.com/name/nm14411966/ | Marta Kaminska, -> https://marta-kaminska.squarespace.com/ | Robert Scoville, -> https://hihello.me/p/24b9b73b-6654-4f7e-8d9b-6c029a41da78 | Mark Musters, -> https://www.instagram.com/markmusters1/?hl=en | Hillary Ureña, -> https://www.instagram.com/hillarystylz/?hl=en | Hannah K. Hollis, -> http://www.hannahkhollis.com/ | Jonathan Masterson -> https://jonathanmasterson.com/ | Georgios Cherouvim -> https://ch3.gr/work/vfx/ | MPC -> https://www.matthewpattersoncurry.com/ | Brian Snigur -> https://www.bryansnigur.com/ | Andrew Giugno -> https://lowres.co/ | May Ghadanfar -> https://www.mayghadanfar.com/ | Pablo Gnecco -> https://yopablo.studio/ | Kasey Burgess -> https://www.linkedin.com/in/kasey-burgess/ | Beau Burrows -> https://www.futurewife.tv/ | Oliver Chapoy -> https://www.discogs.com/artist/592920-Oliver-Chapoy | Danny Taylor -> https://www.houseundermagic.com/who | Marta Kaminska -> https://marta-kaminska.squarespace.com/ | Hannah K. Hollis -> http://www.hannahkhollis.com/ | Patrick A. Moore -> https://m.imdb.com/name/nm14411966/ | [embed:source] -> https://cdn.prod.website-files.com/65393df462f65c6a459ba2af/655cf12ed8524dc951e0fb08_Inter_walkthrough_floorplan_15sec-1-transcode.mp4 | [embed:source] -> https://cdn.prod.website-files.com/65393df462f65c6a459ba2af/655cf12ed8524dc951e0fb08_Inter_walkthrough_floorplan_15sec-1-transcode.webm | [embed:source] -> https://cdn.prod.website-files.com/65393df462f65c6a459ba2af/655d2f7f84bf4e2e8a885487_intersensory-seq-3b-transcode.mp4 | [embed:source] -> https://cdn.prod.website-files.com/65393df462f65c6a459ba2af/655d2f7f84bf4e2e8a885487_intersensory-seq-3b-transcode.webm | [embed:source] -> https://cdn.prod.website-files.com/65393df462f65c6a459ba2af/657245af77954ab45427185e_IMG_5022-1-transcode.mp4 | [embed:source] -> https://cdn.prod.website-files.com/65393df462f65c6a459ba2af/657245af77954ab45427185e_IMG_5022-1-transcode.webm | [embed:source] -> https://cdn.prod.website-files.com/65393df462f65c6a459ba2af/6572528b87098e4ee385a707_IMG_5025-1-transcode.mp4 | [embed:source] -> https://cdn.prod.website-files.com/65393df462f65c6a459ba2af/6572528b87098e4ee385a707_IMG_5025-1-transcode.webm | [embed:source] -> https://cdn.prod.website-files.com/65393df462f65c6a459ba2af/655d4c33af23e357b28802f1_intersensory-previz-1-transcode.mp4 | [embed:source] -> https://cdn.prod.website-files.com/65393df462f65c6a459ba2af/655d4c33af23e357b28802f1_intersensory-previz-1-transcode.webm | [embed:source] -> https://cdn.prod.website-files.com/65393df462f65c6a459ba2af/657252adce00c458032330ad_IMG_4610-1-transcode.mp4 | [embed:source] -> https://cdn.prod.website-files.com/65393df462f65c6a459ba2af/657252adce00c458032330ad_IMG_4610-1-transcode.webm | [embed:source] -> https://cdn.prod.website-files.com/65393df462f65c6a459ba2af/65737a8d1b57b7891835fa8f_IMG_5030 2-1-transcode.mp4 | [embed:source] -> https://cdn.prod.website-files.com/65393df462f65c6a459ba2af/65737a8d1b57b7891835fa8f_IMG_5030 2-1-transcode.webm | [embed:source] -> https://cdn.prod.website-files.com/65393df462f65c6a459ba2af/657252bd4eaa1c48ee578a23_IMG_5031-1-transcode.mp4 | [embed:source] -> https://cdn.prod.website-files.com/65393df462f65c6a459ba2af/657252bd4eaa1c48ee578a23_IMG_5031-1-transcode.webm | [embed:source] -> https://cdn.prod.website-files.com/65393df462f65c6a459ba2af/6573339654319d982ceffba8_Arches-diagram-1-transcode.mp4 | [embed:source] -> https://cdn.prod.website-files.com/65393df462f65c6a459ba2af/6573339654319d982ceffba8_Arches-diagram-1-transcode.webm | Taliesin Gilkes-Bower) -> https://www.realmsmanifest.com/ | [embed:source] -> https://cdn.prod.website-files.com/65393df462f65c6a459ba2af/655c1b06051a330a2465de84_discs_V2_1a-2-transcode.mp4 | [embed:source] -> https://cdn.prod.website-files.com/65393df462f65c6a459ba2af/655c1b06051a330a2465de84_discs_V2_1a-2-transcode.webm | [embed:source] -> https://cdn.prod.website-files.com/65393df462f65c6a459ba2af/655d4910adf791217adc12ab_cymatic-rings-1a-transcode.mp4 | [embed:source] -> https://cdn.prod.website-files.com/65393df462f65c6a459ba2af/655d4910adf791217adc12ab_cymatic-rings-1a-transcode.webm | [embed:source] -> https://cdn.prod.website-files.com/65393df462f65c6a459ba2af/65724f1e00cb82a87a719fe6_IMG_5034-1-transcode.mp4 | [embed:source] -> https://cdn.prod.website-files.com/65393df462f65c6a459ba2af/65724f1e00cb82a87a719fe6_IMG_5034-1-transcode.webm | [embed:source] -> https://cdn.prod.website-files.com/65393df462f65c6a459ba2af/655c13b1f9b26a92acf398ef_INTER_PRIMO-SIZZLE-CYMATIC-WATER-transcode.mp4 | [embed:source] -> https://cdn.prod.website-files.com/65393df462f65c6a459ba2af/655c13b1f9b26a92acf398ef_INTER_PRIMO-SIZZLE-CYMATIC-WATER-transcode.webm | [embed:source] -> https://cdn.prod.website-files.com/65393df462f65c6a459ba2af/657253b0587f846fd4b32135_IMG_6367-1-transcode.mp4 | [embed:source] -> https://cdn.prod.website-files.com/65393df462f65c6a459ba2af/657253b0587f846fd4b32135_IMG_6367-1-transcode.webm | [embed:source] -> https://cdn.prod.website-files.com/65393df462f65c6a459ba2af/65724fe84c6e2916c2b158b6_IMG_5035-1-transcode.mp4 | [embed:source] -> https://cdn.prod.website-files.com/65393df462f65c6a459ba2af/65724fe84c6e2916c2b158b6_IMG_5035-1-transcode.webm | [embed:source] -> https://cdn.prod.website-files.com/65393df462f65c6a459ba2af/657250223d80351450026091_IMG_5035 2-1-transcode.mp4 | [embed:source] -> https://cdn.prod.website-files.com/65393df462f65c6a459ba2af/657250223d80351450026091_IMG_5035 2-1-transcode.webm | [embed:source] -> https://cdn.prod.website-files.com/65393df462f65c6a459ba2af/657254bdc7e42a185777982f_IMG_5035 3-1-transcode.mp4 | [embed:source] -> https://cdn.prod.website-files.com/65393df462f65c6a459ba2af/657254bdc7e42a185777982f_IMG_5035 3-1-transcode.webm | [embed:source] -> https://cdn.prod.website-files.com/65393df462f65c6a459ba2af/6572558b4eaa1c48ee59759f_IMG_5035 4-1-transcode.mp4 | [embed:source] -> https://cdn.prod.website-files.com/65393df462f65c6a459ba2af/6572558b4eaa1c48ee59759f_IMG_5035 4-1-transcode.webm | [embed:source] -> https://cdn.prod.website-files.com/65393df462f65c6a459ba2af/6572559ce1fa298235e26fb1_IMG_5035 5-1-transcode.mp4 | [embed:source] -> https://cdn.prod.website-files.com/65393df462f65c6a459ba2af/6572559ce1fa298235e26fb1_IMG_5035 5-1-transcode.webm | [embed:source] -> https://cdn.prod.website-files.com/65393df462f65c6a459ba2af/6572575376ac835e1aff134e_IMG_5035 6-1-transcode.mp4 | [embed:source] -> https://cdn.prod.website-files.com/65393df462f65c6a459ba2af/6572575376ac835e1aff134e_IMG_5035 6-1-transcode.webm | [embed:source] -> https://cdn.prod.website-files.com/65393df462f65c6a459ba2af/6572570e1d2e86fed203010f_IMG_5036-1-transcode.mp4 | [embed:source] -> https://cdn.prod.website-files.com/65393df462f65c6a459ba2af/6572570e1d2e86fed203010f_IMG_5036-1-transcode.webm | [embed:source] -> https://cdn.prod.website-files.com/65393df462f65c6a459ba2af/655d5b37a36fa130cf3c3a8a_interconnected-comp-2b-transcode.mp4 | [embed:source] -> https://cdn.prod.website-files.com/65393df462f65c6a459ba2af/655d5b37a36fa130cf3c3a8a_interconnected-comp-2b-transcode.webm | [embed:source] -> https://cdn.prod.website-files.com/65393df462f65c6a459ba2af/657258f708213b709d2244bf_IMG_2946-1-transcode.mp4 | [embed:source] -> https://cdn.prod.website-files.com/65393df462f65c6a459ba2af/657258f708213b709d2244bf_IMG_2946-1-transcode.webm | [embed:source] -> https://cdn.prod.website-files.com/65393df462f65c6a459ba2af/65725a0042fe2b41794542f7_IMG_4995-1-transcode.mp4 | [embed:source] -> https://cdn.prod.website-files.com/65393df462f65c6a459ba2af/65725a0042fe2b41794542f7_IMG_4995-1-transcode.webm | [embed:source] -> https://cdn.prod.website-files.com/65393df462f65c6a459ba2af/657259f46a604478b5f93f16_IMG_4932-1-transcode.mp4 | [embed:source] -> https://cdn.prod.website-files.com/65393df462f65c6a459ba2af/657259f46a604478b5f93f16_IMG_4932-1-transcode.webm | [embed:source] -> https://cdn.prod.website-files.com/65393df462f65c6a459ba2af/655c1639c470ce4503c0bce7_IC_out_02d-3-transcode.mp4 | [embed:source] -> https://cdn.prod.website-files.com/65393df462f65c6a459ba2af/655c1639c470ce4503c0bce7_IC_out_02d-3-transcode.webm",https://cdn.prod.website-files.com/65393df462f65c6a459ba2af/654e77687b37d60de8b44221_Blue_Paradox-2.jpeg | https://cdn.prod.website-files.com/65393df462f65c6a459ba2af/654e7767acafea3ad26d22a8_BPMSI_RM1_00_floor.jpg | https://cdn.prod.website-files.com/65393df462f65c6a459ba2af/654e7c9e7b1a00f16f91c7b3_BP-porthole-1_upscayl_4x_realesrgan-x4plus.jpg | https://cdn.prod.website-files.com/65393df462f65c6a459ba2af/654e77671a26a2df2f484efe_BPMSI_RM5B_114_wide.jpg | https://cdn.prod.website-files.com/65393df462f65c6a459ba2af/653ad63a8cba679bcb79defd_BP-MSI-BBP-106-jpg.jpg | https://cdn.prod.website-files.com/65393df462f65c6a459ba2af/654e81028ffdc57a5974c76f_BP-MSI-BBP-112-half.jpg,_migration/projects/inter-nyc.md
Ion Media Fan Connection Zone,ion-media,https://www.johnsyzonenko.com/project---ion-media,Creative Technologist,Chemistry Creative,,"Charlie Gangemi, Lake Heckaman, MPC, Pablo Gnecco","Vanderbilt Hall, Grand Central Station, NYC",October 2024,"Associated Partners: Civic Entertainment, Ion Media

Project Description

This project was an immersive pop-up located inside the iconic Vanderbilt Hall in Grand Central Station, produced by Civic Entertainment and Chemistry Creative for Ion Media.

I was involved in content management, interactive development, and installation.

At the entrance to the Ion Fan Connection zone, there was a large video wall displaying clips from the television program FBI- mixed with live-feed surveillance cameras that were hidden around the activation. Guests could see themselves on the screen as they entered Vanderbilt Hall.

Located behind the FBI activation was an interactive goalie booth set up for the National Women's Soccer League, where guests could test their skills against a friend. Guests had the chance to pick their favorite NWSL team, which was selected through a Node Red browser operated by an Ion brand ambassador.

When a goal was made, a set of 2D LiDAR sensors would activate an animation sequence, triggering a huge celebration!

Special thanks to Lake Heckaman for LiDAR integration, and Pablo Gnecco + MPC for production coordination.

Touchdesigner

NODE RED

NDI

LiDAR

Immersive

INTERACTIVE

INSTALLATION

Project Highlights

Vanderbilt Hall Venue walkthrough

National Women's Soccer League Interactive goal booth - 2D LiDAR sensors provided by Lake Heckaman

Back of house TouchDesigner GUI

FBI multi-screen video array + surveillance camera feeds

Back-of-house TouchDesigner GUI",Touchdesigner; NODE RED; NDI; LiDAR; Immersive; INTERACTIVE; INSTALLATION,Civic Entertainment -> https://www.civic-us.com | Chemistry Creative -> https://www.chemcreative.com/ | Ion Media -> https://iontelevision.com | Lake Heckaman -> https://www.susanlinssdesign.com/ | Pablo Gnecco -> https://yopablo.studio/ | MPC -> https://www.matthewpattersoncurry.com/ | (no anchor text) -> https://www.matthewpattersoncurry.com/ | [embed:source] -> https://cdn.prod.website-files.com/65393df462f65c6a459ba2af%2F677743e9978a64e038fc0f18_ION_hyperlapse_1-transcode.mp4 | [embed:source] -> https://cdn.prod.website-files.com/65393df462f65c6a459ba2af%2F677743e9978a64e038fc0f18_ION_hyperlapse_1-transcode.webm | [embed:source] -> https://cdn.prod.website-files.com/65393df462f65c6a459ba2af%2F677744c9e6eeb2b64cc65f64_ION_WNSL-transcode.mp4 | [embed:source] -> https://cdn.prod.website-files.com/65393df462f65c6a459ba2af%2F677744c9e6eeb2b64cc65f64_ION_WNSL-transcode.webm | [embed:source] -> https://cdn.prod.website-files.com/65393df462f65c6a459ba2af%2F6777440083792e5320df56fa_ION_FBI-sizzle_1-transcode.mp4 | [embed:source] -> https://cdn.prod.website-files.com/65393df462f65c6a459ba2af%2F6777440083792e5320df56fa_ION_FBI-sizzle_1-transcode.webm,,_migration/projects/ion-media.md
Kodansha House,kodansha-house,https://www.johnsyzonenko.com/project---kodansha-house,Creative Technologist,Studio Dave Tennent,"Ghost Corporeal, Livesight, Hornet","Dave Tennent, Cam Vokey, Ashur Rayis","45 Grand Street, SoHo, NYC",October 2024,"Project Description

This project was an immersive pop-up located on Grand Street in SoHo, inspired by manga-media cult classics Akira + Attack on Titan.

Our team was asked to create 2 timeline-based video booths replicating moments from the Kodansha-produced anime classics.

I was responsible for replicating the compositions for both booths in TouchDesigner, as well as creating 2 functional GUIs for back-of-house monitoring and control. In addition to this, I was involved in the interactive development, installation, and monitoring of this project.

Special thanks to Susan Linns, Jeff Nash, Cam Vokey, Ashur Rayis, Dave Tennent, and many more who made this project happen!

Touchdesigner

NODE RED

FFMPEG

NDI

BRAINBOX

Immersive

INTERACTIVE

INSTALLATION

Project Highlights

""Akira Slide"" capture countdown - real-time NDI overlay

Embedded NDI camera for ""Akira Slide"" closeup

""Akira Slide"" Getaway sequence

""Akira Slide"" center, left, right, and floor projection mapping + control

""Titan's Fury"" confidence monitor + NDI PTZ camera

""Titan's Fury"" center projection mapping + control

Back-of-house GUI monitor + control surface for both installations

""Titan's Fury""

Deliverable

""Akira Slide"" Deliverable",Touchdesigner; NODE RED; FFMPEG; NDI; BRAINBOX; Immersive; INTERACTIVE; INSTALLATION,"Studio Dave Tennent -> https://studiodave.io/?fbclid=PAZXh0bgNhZW0CMTEAAab2G4R1rP99TqxkW0G8T1Wo41vljCtK3Vi49NRfup-g1nAw0hrsy0hirD4_aem_k_uIVdlifhBIDtdisNxBpg | Susan Linns -> https://www.susanlinssdesign.com/ | Jeff Nash -> https://www.jeffnashnyc.com/ | Cam Vokey, -> https://www.vacationland.club/cam-vokey-resume | Dave Tennent -> https://studiodave.io/ | (no anchor text) -> https://www.vacationland.club/cam-vokey-resume | [embed:source] -> https://cdn.prod.website-files.com/65393df462f65c6a459ba2af%2F6777357882ef5fb863e50bae_e691ab38-transcode.mp4 | [embed:source] -> https://cdn.prod.website-files.com/65393df462f65c6a459ba2af%2F6777357882ef5fb863e50bae_e691ab38-transcode.webm | [embed:source] -> https://cdn.prod.website-files.com/65393df462f65c6a459ba2af%2F67773581920e7eb04065887b_863f29dc-transcode.mp4 | [embed:source] -> https://cdn.prod.website-files.com/65393df462f65c6a459ba2af%2F67773581920e7eb04065887b_863f29dc-transcode.webm",,_migration/projects/kodansha-house.md
LEDGER OP3N,ledger,https://www.johnsyzonenko.com/project-ledger,,,,,,,"Creative Technologist, V2 for Chemistry Creative

Moonlight Studios, NYC

NFT.NYC 2022

Project Description

The Ledger Open was an event held at Moonlight Studios during NYC's NFT week 2022.

The amazing team at Chemistry Creative built and installed a number of unique display mounts and a variety of other scenic elements. I assisted in installation and was responsible for the content management, as well as the interactive hero moment at the front of the room.

When visitors approach the podium, there is an orange acrylic cube with a Ledger Nano suspended inside. Before the guest approaches, screens throughout the entire room are displaying an idle animation.

Once the guest touches the product (think Indiana Jones), the idle animation changes, and a new takeover animation floods the room. Working with Charlie Gangemi, we used TouchDesigner, a small pressure sensor, and hidden Arduino unit to achieve this effect.

Throughout the room there are a number of other displays with looping content provided by the client, as well as a large 'TV room' with a mosaic of displays suspended around and above the guest. I assisted in rigging and cabling this structure as well.

Touchdesigner

After Effects

ARDUINO

PRESSURE SENSOR

Immersive

INTERACTIVE

INSTALLATION

Project Highlights

Photos courtesy of TXG / Jam3 / Chemistry Creative

The video above shows the hero moment interaction whenever a guest picks up the acrylic product display.

24-screen mosaic display + LED wall (pre-production + installation)",Touchdesigner; After Effects; ARDUINO; PRESSURE SENSOR; Immersive; INTERACTIVE; INSTALLATION,Chemistry Creative -> https://www.chemcreative.com/ | [embed:source] -> https://cdn.prod.website-files.com/65393df462f65c6a459ba2af/6568c60eb3ea504c6f1592cc_IMG_1011-1-transcode.mp4 | [embed:source] -> https://cdn.prod.website-files.com/65393df462f65c6a459ba2af/6568c60eb3ea504c6f1592cc_IMG_1011-1-transcode.webm,,_migration/projects/ledger.md
Miro Canvas '24,miro,https://www.johnsyzonenko.com/project---miro,Creative Technologist,Livesight,,"Cam Vokey, Creative Technologist","SPYSCAPE, NYC",October 2024,"Project Description

For this project, I worked with Cam Vokey to setup and monitor the product demo room for Miro's annual Canvas conference.

The demo room contained a custom wraparound desk which housed ten Mac Minis locked in kiosk mode. The staff wanted guests to be able to use the kiosks, log into their accounts, and access their Miro boards without accessing the desktop.

In addition to the kiosks, there were four in-house projectors mounted in the space. We used MadMappper to blend and color correct, and used QLab to drive playback.

I was involved with installation, troubleshooting, and on-site production.

Special thanks to Ben Baur and Livesight!

Mad mapper

qlab

Projection mapping

Immersive

INTERACTIVE

INSTALLATION

Project Highlights",Mad mapper; qlab; Projection mapping; Immersive; INTERACTIVE; INSTALLATION,Cam Vokey -> https://www.vacationland.club/cam-vokey-resume | Ben Baur -> https://benbauerproductions.com/ | Livesight -> https://www.livesight.nyc/ | [embed:source] -> https://cdn.prod.website-files.com/65393df462f65c6a459ba2af%2F677708aa390c1849e7da97c2_MIRO-SIZZLE-V3_30mb-transcode.mp4 | [embed:source] -> https://cdn.prod.website-files.com/65393df462f65c6a459ba2af%2F677708aa390c1849e7da97c2_MIRO-SIZZLE-V3_30mb-transcode.webm,,_migration/projects/miro.md
NIKE AIR SOHO,nike-air-soho,https://www.johnsyzonenko.com/project-nike-air-soho,,,,,,,"Creative Technologist for Chemistry Creative

SoHo, NYC

February, 2020

Project Description

This project was the first large-scale multi-media TouchDesigenr installation of my career, thanks to the incredible team at Chemistry Creative

This installation was part of Nike's Air Max campaign, located on the ground floor of the Nike flagship store in SoHo.

I was involved in pre-production, content creation, interactive development, and installation of this project, working under Lovejoy Paradise. TouchDesigner legend Vincent Houzé also joined the project to focus on sensor placement and interaction.

When the box is idle, the Nike logo is displayed with a looping animation of clouds that I made in Blender. Once a guest steps inside the interactive zone, the clouds change color and a series of inspirational quotes appear on the screen.

Unfortunately, this installation took place in February of 2020, so it was only open to the public for a few weeks before the Covid-19 lockdown began. Such is life I suppose!

Touchdesigner

After Effects

BLENDER

REALSENSE

LED Stage

Immersive

INTERACTIVE

INSTALLATION

Project Highlights

Simple setup for dynamic volumetric clouds in Blender.

Previsualization in TouchDesigner

Final interactive walkthrough",Touchdesigner; After Effects; BLENDER; REALSENSE; LED Stage; Immersive; INTERACTIVE; INSTALLATION,Chemistry Creative -> https://www.chemcreative.com/ | Lovejoy Paradise -> https://www.golovejoy.com/ | Vincent Houzé -> https://vincenthouze.com/ | [embed:source] -> https://cdn.prod.website-files.com/65393df462f65c6a459ba2af/6566606f72c21f163481052f_03_clouds_01a_short_loop-transcode.mp4 | [embed:source] -> https://cdn.prod.website-files.com/65393df462f65c6a459ba2af/6566606f72c21f163481052f_03_clouds_01a_short_loop-transcode.webm | [embed:source] -> https://cdn.prod.website-files.com/65393df462f65c6a459ba2af/656660b3ae7c3cc734d38aae_clouds_02a_perspective-transcode.mp4 | [embed:source] -> https://cdn.prod.website-files.com/65393df462f65c6a459ba2af/656660b3ae7c3cc734d38aae_clouds_02a_perspective-transcode.webm | [embed:source] -> https://cdn.prod.website-files.com/65393df462f65c6a459ba2af/656662b11fab36d9c4b221f7_IMG_5388-1-1-transcode.mp4 | [embed:source] -> https://cdn.prod.website-files.com/65393df462f65c6a459ba2af/656662b11fab36d9c4b221f7_IMG_5388-1-1-transcode.webm,,_migration/projects/nike-air-soho.md
SPIEGEL IM SPIEGEL,yo-yo-ma,https://www.johnsyzonenko.com/project-yo-yo-ma,Video Designer,"Sound Postings, Yo-Yo Ma",,"Sophie Shakleton, Creative Producer",Global,2022 - Present,"Project Description

Spiegel im Spiegel is a musical piece by Estonian composer Arvo Pärt. The name roughly translates to ""Mirror within a mirror""

My involvement in this project began in 2022 through Zion Jackson and THE OFFICE performing arts + film, and has continued under Sophie Shakleton and Sound Postings.

My responsibilities have included researching, arranging, and experimenting with images- as well as timeline editing and final video delivery. The video itself is designed to accompany the live musical performance and could be modified for a variety of audiences around the world.

We began with images of our universe from the Hubble and James Webb telescopes, paying special attention to the visuals connections that emerge between the macro and micro world.

Soon after the first event in Paris, we began preparing an evolution of the sequence for another event in the Smokey Mountains of Tennessee. This sequence includes images from photographer Austin Mann, and aimed to connect deeply with the specific region of the performance.

The project continues to evolve with new sequences that speak to the geographic location of each performance, and has now been performed all around the world!

Premeire Pro

After Effects

Immersive

Educational

Project Highlights

Performance Locations

2022Paris, France

2023Smokey Mountains, TN, USA

UN Headquarters, NYC, USA

CERN, Geneva, Switzerland

2024Davos, Switzerland

Philadelphia, PA

Florida, USA

Charleston, NC, USA

Arizona, USA

Texas, USA

Oklahoma, USA

Chicago, USA

Washington D.C., USA

Boston, USA

San Francisco, USA

Los Angeles, USA

London, UK

Reykjavík, Iceland

Stockholm, Sweden

Photo credit: UN Partnerships/Pier Paolo Cito",Premeire Pro; After Effects; Immersive; Educational,Austin Mann -> https://www.austinmann.com/ | [embed:iframe] -> https://www.youtube-nocookie.com/embed/yschtLxehA0?rel=0&controls=1&autoplay=0&mute=0&start=2730 | [embed:iframe] -> https://www.youtube-nocookie.com/embed/kVRBfDHSy2w?rel=0&controls=1&autoplay=0&mute=0&start=0 | [embed:iframe] -> https://www.youtube-nocookie.com/embed/B3f9dv7kP-I?rel=0&controls=1&autoplay=0&mute=0&start=1239,,_migration/projects/yo-yo-ma.md
The Blue Paradox,blue-paradox,https://www.johnsyzonenko.com/project---blue-paradox,Creative Technologist,,,"Sean Leo, Cam Vokey, Dave Tennent, Trevor Grove","Museum of Science and Industry, Chicago","March-July 2023, Ongoing","Project Description

The Blue Paradox is an immersive exhibition at the Griffin Museum of Science and Industry in Chicago, IL.

Much of what’s publicly available can be found on the museum’s page, which provides a window into the experience.

The exhibition was a major collaborative effort involving designers, programmers, and production crews, and it remains one of the most memorable installations I’ve had the chance to work on. It was a massive team effort, and one I’m proud to have been a part of.

Photos were taken on-site by Ben Bauer on his nice camera, or myself with my fuzzy camera.

TouchDesigner

After Effects

Arduino

Python

Immersive

Interactive

Educational

SCreenConnect

GitHUB

Project Highlights",TouchDesigner; After Effects; Arduino; Python; Immersive; Interactive; Educational; SCreenConnect; GitHUB,Griffin Museum of Science and Industry -> https://www.msichicago.org/explore/whats-here/exhibits/blue-paradox/ | museum’s page -> https://www.msichicago.org/explore/whats-here/exhibits/blue-paradox,,_migration/projects/blue-paradox.md
THOUGHT PATTERNS,thought-patterns,https://www.johnsyzonenko.com/project-thought-patterns,,,,,,,"Live Generative Visuals + Video Editor for Chemistry Creative

Brooklyn, NYC

2020 - 2021

Project Description

Thought Patterns is a live music performance and interview series created by Pete Sax- forged by the creativity and passion of a small, dedicated team including Nicolas Motyka, Sydney MacDonald, Christopher Robinson, Danny Taylor, Charlie Gangemi, Monty, Danny Ballester, Kevin Condor, myself, and all of the individual artists and bands involved.

Using the studio space at Chemistry Creative in Brooklyn, I collaborated with the team to orchestrate and capture over a dozen live performance videos, each boasting its own unique flair.

Working in TouchDesigner, After Effects, and Blender- I created generative, audio-reactive visuals for each performance, which would be projected or displayed on a large LED stage.

TouchDesigner was also used to control display surfaces and adjust visuals on the fly- which is endlessly rewarding in a live scenario!

I would also edit and publish videos weekly alongside Director Nicolas Motyka, and eventually managed the virtual production and sound design for the Thought Patterns short film 'Tether Tear'

Thought Patterns was born out of deep pandemic isolation in an effort to connect through music, and we were so incredibly lucky to have a space to work and explore our creativity.

Touchdesigner

After Effects

Premeire Pro

LED STAGE

LIVE CAMERA FEEDBACK

Virtual production

LIVE PERFORMANCE

Immersive

AUDIOREACTIVE

Project Highlights

'The Wave'

The heart of the installation is a series of interactive ""time portals,"" each representing a different historical era. These portals are equipped with motion sensors, touchscreens, and augmented reality interfaces, allowing visitors to step into different time periods and explore them in an engaging and informative way.

The Portholes

Our team has meticulously choreographed the installation process to ensure that every element seamlessly fits into the overarching narrative. We've worked closely with artists, historians, and technologists to guarantee that every aspect, from lighting and sound to digital displays and physical artifacts, complements one another perfectly.

Communal Action Wall

Our team has meticulously choreographed the installation process to ensure that every element seamlessly fits into the overarching narrative. We've worked closely with artists, historians, and technologists to guarantee that every aspect, from lighting and sound to digital displays and physical artifacts, complements one another perfectly.",Touchdesigner; After Effects; Premeire Pro; LED STAGE; LIVE CAMERA FEEDBACK; Virtual production; LIVE PERFORMANCE; Immersive; AUDIOREACTIVE,Chemistry Creative -> https://www.chemcreative.com/ | [embed:iframe] -> https://www.youtube.com/embed/HesXkWsP2l0?rel=0&controls=0&autoplay=0&mute=0&start=5 | [embed:iframe] -> https://www.youtube.com/embed/uRuc60Vw3AY?rel=0&controls=0&autoplay=0&mute=0&start=5 | [embed:iframe] -> https://www.youtube.com/embed/3AyY-Mb0he8?rel=0&controls=0&autoplay=0&mute=0&start=5 | [embed:iframe] -> https://www.youtube.com/embed/U6-oCR0V6LA?rel=0&controls=0&autoplay=0&mute=0&start=8 | [embed:iframe] -> https://www.youtube.com/embed/Oup-BoT4dRM?rel=0&controls=0&autoplay=0&mute=0&start=0 | [embed:iframe] -> https://www.youtube.com/embed/hi_JRaoxNOM?rel=0&controls=0&autoplay=0&mute=0&start=0,https://cdn.prod.website-files.com/65393df462f65c6a459ba2af/654e77687b37d60de8b44221_Blue_Paradox-2.jpeg | https://cdn.prod.website-files.com/65393df462f65c6a459ba2af/654e7767acafea3ad26d22a8_BPMSI_RM1_00_floor.jpg | https://cdn.prod.website-files.com/65393df462f65c6a459ba2af/654e7c9e7b1a00f16f91c7b3_BP-porthole-1_upscayl_4x_realesrgan-x4plus.jpg | https://cdn.prod.website-files.com/65393df462f65c6a459ba2af/654e77671a26a2df2f484efe_BPMSI_RM5B_114_wide.jpg | https://cdn.prod.website-files.com/65393df462f65c6a459ba2af/653ad63a8cba679bcb79defd_BP-MSI-BBP-106-jpg.jpg | https://cdn.prod.website-files.com/65393df462f65c6a459ba2af/654e81028ffdc57a5974c76f_BP-MSI-BBP-112-half.jpg,_migration/projects/thought-patterns.md
XRP Ledger Apex 2025,xrpl-apex-2025,https://www.johnsyzonenko.com/project---xrpl-apex-2025,Creative Technologist,Invisible North,Studio Dave Tennent,"Dave Tennent, Trevor Grove","Raffles Convention Center, Singapore",June 2025,"Project Description

""Hosted by Ripple, Apex 2025 is the official global community summit that unites developers, innovators, businesses, and investors for an exciting three-day celebration of blockchain technology and the incredible world of the XRP Ledger."" - XRP Ledger Apex Website

Working alongside Dave Tennent and Trevor Grove, we created a multi-kiosk touchscreen experience for the XRP Ledger Apex conference in Singapore.

We translated Invisible North’s creative brief into a responsive system that invited users to explore a curated set of topics, express preferences, and receive a personalized persona.

The experience concluded with on-site pin that guests could wear with pride. We also facilitated a follow-up email featuring tailored content based on their preferences.

Built using TouchDesigner and deployed with real-time interactivity, the system blended playfulness with data collection to drive deeper audience engagement.

Special thanks to Dave and Sanaz, the entire CT team in Singapore, and Trevor Grove and the Invisible North team for all of the production work behind the scenes!

Touchdesigner

touchscreen

kiosk

Interactive

Project Highlights",Touchdesigner; touchscreen; kiosk; Interactive,Invisible North -> https://studiodave.io/?fbclid=PAZXh0bgNhZW0CMTEAAab2G4R1rP99TqxkW0G8T1Wo41vljCtK3Vi49NRfup-g1nAw0hrsy0hirD4_aem_k_uIVdlifhBIDtdisNxBpg | tudio Dave Tennent -> https://studiodave.io/?fbclid=PAZXh0bgNhZW0CMTEAAab2G4R1rP99TqxkW0G8T1Wo41vljCtK3Vi49NRfup-g1nAw0hrsy0hirD4_aem_k_uIVdlifhBIDtdisNxBpg | (no anchor text) -> https://www.vacationland.club/cam-vokey-resume | [embed:source] -> https://cdn.prod.website-files.com/65393df462f65c6a459ba2af%2F6896530705a08de320aa17e1_XRPL-Learning-Exp-COMP-2-lowbr-transcode.mp4 | [embed:source] -> https://cdn.prod.website-files.com/65393df462f65c6a459ba2af%2F6896530705a08de320aa17e1_XRPL-Learning-Exp-COMP-2-lowbr-transcode.webm,,_migration/projects/xrpl-apex-2025.md
